<?xml version="1.0" encoding="UTF-8"?>
<metadata xml:lang="en"><Esri><CreaDate>20231128</CreaDate><CreaTime>20390600</CreaTime><ArcGISFormat>1.0</ArcGISFormat><ArcGISstyle>FGDC CSDGM Metadata</ArcGISstyle><SyncOnce>FALSE</SyncOnce><DataProperties><itemProps><itemName Sync="TRUE">RI_SAV_2021</itemName><imsContentType Sync="TRUE" export="False">002</imsContentType><itemSize Sync="TRUE">0.178</itemSize><nativeExtBox><westBL Sync="TRUE">220839.014499</westBL><eastBL Sync="TRUE">412365.655067</eastBL><southBL Sync="TRUE">32942.697427</southBL><northBL Sync="TRUE">219898.724761</northBL><exTypeCode Sync="TRUE">1</exTypeCode></nativeExtBox></itemProps><coordRef><type Sync="TRUE">Projected</type><geogcsn Sync="TRUE">GCS_NAD_1983_2011</geogcsn><csUnits Sync="TRUE">Linear Unit: Foot_US (0.304801)</csUnits><projcsn Sync="TRUE">NAD_1983_2011_StatePlane_Rhode_Island_FIPS_3800_Ft_US</projcsn><peXml Sync="TRUE">&lt;ProjectedCoordinateSystem xsi:type='typens:ProjectedCoordinateSystem' xmlns:xsi='http://www.w3.org/2001/XMLSchema-instance' xmlns:xs='http://www.w3.org/2001/XMLSchema' xmlns:typens='http://www.esri.com/schemas/ArcGIS/3.1.0'&gt;&lt;WKT&gt;PROJCS[&amp;quot;NAD_1983_2011_StatePlane_Rhode_Island_FIPS_3800_Ft_US&amp;quot;,GEOGCS[&amp;quot;GCS_NAD_1983_2011&amp;quot;,DATUM[&amp;quot;D_NAD_1983_2011&amp;quot;,SPHEROID[&amp;quot;GRS_1980&amp;quot;,6378137.0,298.257222101]],PRIMEM[&amp;quot;Greenwich&amp;quot;,0.0],UNIT[&amp;quot;Degree&amp;quot;,0.0174532925199433]],PROJECTION[&amp;quot;Transverse_Mercator&amp;quot;],PARAMETER[&amp;quot;False_Easting&amp;quot;,328083.3333333333],PARAMETER[&amp;quot;False_Northing&amp;quot;,0.0],PARAMETER[&amp;quot;Central_Meridian&amp;quot;,-71.5],PARAMETER[&amp;quot;Scale_Factor&amp;quot;,0.99999375],PARAMETER[&amp;quot;Latitude_Of_Origin&amp;quot;,41.08333333333334],UNIT[&amp;quot;Foot_US&amp;quot;,0.3048006096012192],AUTHORITY[&amp;quot;EPSG&amp;quot;,6568]]&lt;/WKT&gt;&lt;XOrigin&gt;-18120300&lt;/XOrigin&gt;&lt;YOrigin&gt;-47742100&lt;/YOrigin&gt;&lt;XYScale&gt;3048.0060960121918&lt;/XYScale&gt;&lt;ZOrigin&gt;-100000&lt;/ZOrigin&gt;&lt;ZScale&gt;10000&lt;/ZScale&gt;&lt;MOrigin&gt;-100000&lt;/MOrigin&gt;&lt;MScale&gt;10000&lt;/MScale&gt;&lt;XYTolerance&gt;0.0032808333333333331&lt;/XYTolerance&gt;&lt;ZTolerance&gt;0.001&lt;/ZTolerance&gt;&lt;MTolerance&gt;0.001&lt;/MTolerance&gt;&lt;HighPrecision&gt;true&lt;/HighPrecision&gt;&lt;WKID&gt;103144&lt;/WKID&gt;&lt;LatestWKID&gt;6568&lt;/LatestWKID&gt;&lt;/ProjectedCoordinateSystem&gt;</peXml></coordRef></DataProperties><scaleRange><minScale>150000000</minScale><maxScale>5000</maxScale></scaleRange><ArcGISProfile>FGDC</ArcGISProfile><SyncDate>20231102</SyncDate><SyncTime>14355800</SyncTime><ModDate>20231128</ModDate><ModTime>9374100</ModTime></Esri><dataIdInfo><idPurp>The presence or absence of eelgrass and widgeon grass was delineated for coastal Rhode Island using tidally-coordinated orthophotography, GPS, and underwater video recordings.  These 2021 data utilize consistent mapping methodology with previous mapping efforts in 2016, 2012, and 2006.  Therefore , these data may support SAV dynamics (see accompanying report by Bradley et.al), conservation, marine spatial planning, coastal resource management. </idPurp><idCitation><resTitle>RI Submerged Aquatic Vegetation 2021</resTitle><date><createDate>2022-04-04T00:00:00</createDate><pubDate>2023-11-28T00:00:00</pubDate><reviseDate>2023-11-28T00:00:00</reviseDate></date><citRespParty><rpIndName>Michael Bradley</rpIndName><rpOrgName>University of Rhode Island - Environmental Data center</rpOrgName><rpPosName>Research Associate</rpPosName><role><RoleCd value="006"/></role><rpCntInfo><cntAddress addressType="both"><delPoint>1 Greenhouse Road, Coastal Institute Kingston</delPoint><city>Kingston</city><adminArea>RI</adminArea><postCode>02881</postCode><eMailAdd>michael_bradley@uri.edu</eMailAdd></cntAddress><cntPhone><voiceNum tddtty="">401-874-5054</voiceNum></cntPhone></rpCntInfo></citRespParty><presForm><PresFormCd value="005" Sync="TRUE"/><fgdcGeoform>vector digital data</fgdcGeoform></presForm></idCitation><searchKeys><keyword>BIO</keyword><keyword>RIGIS</keyword><keyword>eelgrass</keyword><keyword>zostera marina</keyword><keyword>widgeon grass</keyword><keyword>Rhode Island</keyword><keyword>submerged aquatic vegetation</keyword></searchKeys><idCredit>Rhode Island Coastal Resources Management Council, URI Environmental Data Center, Narragansett Bay National Estuarine Research Reserve</idCredit><idAbs>&lt;DIV STYLE="text-align:Left;"&gt;&lt;DIV&gt;&lt;DIV&gt;&lt;P&gt;&lt;SPAN&gt;Zostera marina and Ruppia maritima (submerged aquatic vegetation) beds were delineated (polygons) using ortho-imagery collected in June, 2021. In order to maximize the identification of photo-signatures of SAV, the imagery was acquired using specifications from the NOAA Coastal Change Analysis Program including low tide, slight winds, low sun angle, full sun, and minimal humidity or haze.  During the ortho creation process, solar glint was minimized by selecting flight lines with minimal glint.  The delineation process was supplemented by geo-referenced underwater video recordings.  To identify field survey locations, GPS enabled tablets were loaded with draft versions of the 2021 ortho-imagery and preliminary SAV delineations.  After processing of field data, 999 acres of SAV were identified and delineated in coastal Rhode Island waters.  To test the accuracy of the delineations, a user's and producer's matrix was developed (Story and Congalton, 1986).  The overall user's accuracy for the 2021 SAV surveys was 83%.  &lt;/SPAN&gt;&lt;/P&gt;&lt;/DIV&gt;&lt;/DIV&gt;&lt;/DIV&gt;</idAbs><dataChar><CharSetCd value="004"/></dataChar><idStatus><ProgCd value="001"/></idStatus><dataExt><exDesc>Coastal Rhode Island including Block Island and Little Narragansett Bay</exDesc><tempEle><TempExtent><exTemp><TM_Period><tmBegin>2022-04-04T00:00:00</tmBegin><tmEnd>2022-04-04T00:00:00</tmEnd></TM_Period></exTemp></TempExtent></tempEle><geoEle><GeoBndBox><westBL>-72.026</westBL><eastBL>-70.973</eastBL><southBL>41.133</southBL><northBL>41.962</northBL></GeoBndBox></geoEle></dataExt><resMaint><maintFreq><MaintFreqCd value="011"/></maintFreq></resMaint><envirDesc Sync="FALSE">Esri ArcGIS 13.1.0.41833</envirDesc><dataLang><languageCode value="eng" Sync="TRUE"/><countryCode value="USA" Sync="TRUE"/></dataLang><spatRpType><SpatRepTypCd value="001" Sync="TRUE"/></spatRpType><dataExt><geoEle><GeoBndBox esriExtentType="search"><exTypeCode Sync="TRUE">1</exTypeCode><westBL Sync="TRUE">-71.892621</westBL><eastBL Sync="TRUE">-71.191441</eastBL><northBL Sync="TRUE">41.686835</northBL><southBL Sync="TRUE">41.173088</southBL></GeoBndBox></geoEle></dataExt><themeKeys><thesaName><resTitle>ISO 19115 Topic Category</resTitle></thesaName><keyword>biota</keyword></themeKeys><themeKeys><keyword>coastal ponds, eelgrass, environment, widgeon grass</keyword></themeKeys><placeKeys><keyword>United States, New England, Rhode Island</keyword></placeKeys><resConst><Consts><useLimit>&lt;DIV STYLE="text-align:Left;"&gt;&lt;DIV&gt;&lt;DIV&gt;&lt;P&gt;&lt;SPAN&gt;This dataset is provided 'as is.’ The producer(s) of this dataset, contributors to this dataset, the Rhode Island Geographic Information System (RIGIS) consortium, the State of Rhode Island, and the University of Rhode Island do not make any warranties of any kind for this dataset and are not liable for any loss or damage however and whenever caused by any use of this dataset. Please acknowledge both RIGIS and the primary producer(s) of this dataset in any derived products.  Versions of the RIGIS logo suitable for both printed and web-based products are available at https://info.rigis.org/pages/logos &lt;/SPAN&gt;&lt;/P&gt;&lt;/DIV&gt;&lt;/DIV&gt;&lt;/DIV&gt;</useLimit></Consts></resConst><resConst><LegConsts><useLimit>This dataset is provided 'as is.' The producer(s) of   this dataset, contributors to this dataset, the Rhode Island Geographic Information  System (RIGIS) consortium, the State of Rhode Island, and the University of Rhode  Island do not make any warranties of any kind for this dataset, and are not liable for any  loss or damage however and whenever caused by any use of this dataset.</useLimit></LegConsts></resConst><tpCat><TopicCatCd value="002"/></tpCat><tpCat><TopicCatCd value="014"/></tpCat></dataIdInfo><mdHrLv><ScopeCd value="005"/></mdHrLv><mdDateSt Sync="TRUE">20231128</mdDateSt><mdContact><rpIndName>Michael Bradley</rpIndName><rpOrgName>University of Rhode Island - Environmental Data center</rpOrgName><rpPosName>Research Associate</rpPosName><role><RoleCd value="006"/></role><rpCntInfo><cntAddress addressType="both"><delPoint>1 Greenhouse Road, Coastal Institute Kingston</delPoint><city>Kingston</city><adminArea>RI</adminArea><postCode>02881</postCode><eMailAdd>michael_bradley@uri.edu</eMailAdd></cntAddress><cntPhone><voiceNum tddtty="">401-874-5054</voiceNum></cntPhone></rpCntInfo><displayName>Michael Bradley</displayName></mdContact><dqInfo><dataLineage><prcStep><stepDesc>SAV beds were heads up digitized using ortho-photography as a base map.  The ortho-photography was acquired using two sorties (flights) in June, 2021.  Draft imagery was provided in August 2021 for preliminary SAV delineations.  Draft imagery and the preliminary SAV delineations were loaded onto a GPS-enabled tablet and taken into the field to identify locations to collect underwater video recordings.  To insure the mapping process was done during the same year as the imagery, field surveys were done over 13 days from August to October, 2021.  Underwater video recording were collected with a GPS water mark (+/- 3 m accuracy) in order to create a GIS database of underwater video tracks.  Underwater video track lines were created by pausing and advancing the video every 30 seconds and recording the location and presence or absence of SAV.  At other locations such the Narrow River and Ninigret Pond, only GPS and boat observations (using an aqua scope) were used in the field.  In total, 1238 underwater video locations and 94 boat observations (1332 total) were used to finalize the SAV delineations.  Final interpretations and delineations were done using the final delivery of the ortho photography.  </stepDesc><stepDateTm>2022-04-04T00:00:00</stepDateTm><stepProc><rpIndName>Michael Bradley</rpIndName><rpOrgName>URI-EDC</rpOrgName><role><RoleCd value="009"/></role><rpCntInfo><cntAddress addressType="physical"><city>Kingston</city><adminArea>RI</adminArea><postCode>02852</postCode></cntAddress><cntPhone><voiceNum tddtty="">401-874-5054</voiceNum></cntPhone></rpCntInfo></stepProc></prcStep></dataLineage><report type="DQConcConsis" dimension=""><measDesc>A visual check of all  g_truth_yr = 0 results in all g_truth_me = N/A.  Thus the fields have conceptual consistency.</measDesc></report><report type="DQCompOm" dimension=""><measDesc>A user's and producers accuracy matrix was developed by randomly selecting 10% of the underwater video points (124) and withholding them from the final delineation and interpretation.  Once the final mapping was complete, these points were used to derive the accuracy matix by comparing them against the final delineations.  An overall user's accuracy of 83% was the result.</measDesc></report></dqInfo><eainfo><detailed Name="RI_SAV_2021"><enttyp><enttypl>habitat</enttypl><enttypd>classification of the habitat</enttypd><enttypds>photo interpretation</enttypds><enttypt Sync="TRUE">Feature Class</enttypt><enttypc Sync="TRUE">0</enttypc></enttyp><attr><attrlabl Sync="TRUE">OBJECTID</attrlabl><attalias Sync="TRUE">OBJECTID</attalias><attrtype Sync="TRUE">OID</attrtype><attwidth Sync="TRUE">4</attwidth><atprecis Sync="TRUE">0</atprecis><attscale Sync="TRUE">0</attscale><attrdef Sync="TRUE">Internal feature number.</attrdef><attrdefs Sync="TRUE">Esri</attrdefs><attrdomv><udom Sync="TRUE">Sequential unique whole numbers that are automatically generated.</udom></attrdomv></attr><attr><attrlabl Sync="TRUE">Shape</attrlabl><attalias Sync="TRUE">Shape</attalias><attrtype Sync="TRUE">Geometry</attrtype><attwidth Sync="TRUE">0</attwidth><atprecis Sync="TRUE">0</atprecis><attscale Sync="TRUE">0</attscale><attrdef Sync="TRUE">Feature geometry.</attrdef><attrdefs Sync="TRUE">Esri</attrdefs><attrdomv><udom Sync="TRUE">Coordinates defining the features.</udom></attrdomv></attr><attr><attrlabl Sync="TRUE">hectares</attrlabl><attalias Sync="TRUE">hectares</attalias><attrtype Sync="TRUE">Double</attrtype><attwidth Sync="TRUE">8</attwidth><atprecis Sync="TRUE">0</atprecis><attscale Sync="TRUE">0</attscale></attr><attr><attrlabl Sync="TRUE">acres</attrlabl><attalias Sync="TRUE">acres</attalias><attrtype Sync="TRUE">Double</attrtype><attwidth Sync="TRUE">8</attwidth><atprecis Sync="TRUE">0</atprecis><attscale Sync="TRUE">0</attscale></attr><attr><attrlabl>habitat</attrlabl><attrdef>eelgrass = Zostera marina
widgeon grass = Ruppia maritima</attrdef><attrdefs>photo interpretation</attrdefs><attrtype>text</attrtype><attwidth>25</attwidth><attrdomv><codesetd><codesetn>habitat</codesetn><codesets>photointerpretation</codesets></codesetd></attrdomv><attalias Sync="TRUE">habitat</attalias><atprecis Sync="TRUE">0</atprecis><attscale Sync="TRUE">0</attscale></attr><attr><attrlabl Sync="TRUE">g_truth_me</attrlabl><attalias Sync="TRUE">g_truth_me</attalias><attrtype Sync="TRUE">String</attrtype><attwidth Sync="TRUE">50</attwidth><atprecis Sync="TRUE">0</atprecis><attscale Sync="TRUE">0</attscale></attr><attr><attrlabl Sync="TRUE">site</attrlabl><attalias Sync="TRUE">site</attalias><attrtype Sync="TRUE">String</attrtype><attwidth Sync="TRUE">75</attwidth><atprecis Sync="TRUE">0</atprecis><attscale Sync="TRUE">0</attscale></attr><attr><attrlabl Sync="TRUE">g_truth_yr</attrlabl><attalias Sync="TRUE">g_truth_yr</attalias><attrtype Sync="TRUE">Integer</attrtype><attwidth Sync="TRUE">4</attwidth><atprecis Sync="TRUE">0</atprecis><attscale Sync="TRUE">0</attscale></attr><attr><attrlabl Sync="TRUE">SHAPE_Leng</attrlabl><attalias Sync="TRUE">SHAPE_Leng</attalias><attrtype Sync="TRUE">Double</attrtype><attwidth Sync="TRUE">8</attwidth><atprecis Sync="TRUE">0</atprecis><attscale Sync="TRUE">0</attscale></attr><attr><attrlabl Sync="TRUE">Shape_Length</attrlabl><attalias Sync="TRUE">Shape_Length</attalias><attrtype Sync="TRUE">Double</attrtype><attwidth Sync="TRUE">8</attwidth><atprecis Sync="TRUE">0</atprecis><attscale Sync="TRUE">0</attscale><attrdef Sync="TRUE">Length of feature in internal units.</attrdef><attrdefs Sync="TRUE">Esri</attrdefs><attrdomv><udom Sync="TRUE">Positive real numbers that are automatically generated.</udom></attrdomv></attr><attr><attrlabl Sync="TRUE">SHAPE_Area</attrlabl><attalias Sync="TRUE">Shape_Area</attalias><attrtype Sync="TRUE">Double</attrtype><attwidth Sync="TRUE">8</attwidth><atprecis Sync="TRUE">0</atprecis><attscale Sync="TRUE">0</attscale><attrdef Sync="TRUE">Area of feature in internal units squared.</attrdef><attrdefs Sync="TRUE">Esri</attrdefs><attrdomv><udom Sync="TRUE">Positive real numbers that are automatically generated.</udom></attrdomv></attr></detailed><detailed><enttyp><enttypl>g_truth_me</enttypl><enttypd>Ground Truth Method</enttypd><enttypds>field</enttypds></enttyp><attr><attrlabl>g_truth_me</attrlabl><attrdef>N/A = not available

GPS and underwater video = underwater video track or location with GPS water mark or information

Boat observation = observation of SAV but no GPS information; location is derived from the photography.

GPS and boat observation = no underwater video information.  SAV was observed from boat using aqua scope or looking over the side.  Location of observation is from GPS
</attrdef><attrdefs>field</attrdefs><attrtype>text</attrtype><attwidth>50</attwidth><attrdomv><codesetd><codesetn>g_truth_me</codesetn><codesets>field</codesets></codesetd></attrdomv></attr></detailed><detailed><enttyp><enttypl>g_truth_yr</enttypl><enttypd>Ground Truth Year</enttypd><enttypds>field</enttypds></enttyp><attr><attrlabl>g_truth_yr</attrlabl><attrdef>The most recent year the SAV bed was field visited.
0= no data; SAV bed not field verified. </attrdef><attrdefs>field</attrdefs><attrtype>numeric</attrtype><attwidth>4</attwidth><attrdomv><codesetd><codesetn>g_truth_yr</codesetn><codesets>field</codesets></codesetd></attrdomv></attr></detailed></eainfo><mdLang><languageCode value="eng" Sync="TRUE"/><countryCode value="USA" Sync="TRUE"/></mdLang><distInfo><distFormat><formatName Sync="TRUE">File Geodatabase Feature Class</formatName></distFormat><distTranOps><transSize Sync="TRUE">0.178</transSize></distTranOps></distInfo><mdHrLvName Sync="TRUE">dataset</mdHrLvName><refSysInfo><RefSystem><refSysID><identCode code="6568" Sync="TRUE"/><idCodeSpace Sync="TRUE">EPSG</idCodeSpace><idVersion Sync="TRUE">8.2.10(10.3.1)</idVersion></refSysID></RefSystem></refSysInfo><spatRepInfo><VectSpatRep><geometObjs Name="RI_SAV_2021"><geoObjTyp><GeoObjTypCd value="002" Sync="TRUE"/></geoObjTyp><geoObjCnt Sync="TRUE">0</geoObjCnt></geometObjs><topLvl><TopoLevCd value="001" Sync="TRUE"/></topLvl></VectSpatRep></spatRepInfo><spdoinfo><ptvctinf><esriterm Name="RI_SAV_2021"><efeatyp Sync="TRUE">Simple</efeatyp><efeageom code="4" Sync="TRUE"/><esritopo Sync="TRUE">FALSE</esritopo><efeacnt Sync="TRUE">0</efeacnt><spindex Sync="TRUE">TRUE</spindex><linrefer Sync="TRUE">FALSE</linrefer></esriterm></ptvctinf></spdoinfo><mdChar><CharSetCd value="004"/></mdChar><mdMaint><maintFreq><MaintFreqCd value="011"/></maintFreq></mdMaint></metadata>
